District,Democratic Votes,Republican Votes,Total Votes,Year,State
1,48278,103758,152234,2014,Alabama
2,54692,113103,167952,2014,Alabama
3,52816,103558,156620,2014,Alabama
4,0,132831,134752,2014,Alabama
5,0,115338,154974,2014,Alabama
6,42291,135945,178449,2014,Alabama
7,133687,0,135899,2014,Alabama
1,114602,142572,279741,2014,Alaska
1,97391,87723,185114,2014,Arizona
2,109543,109704,219351,2014,Arizona
3,58192,46185,104428,2014,Arizona
4,45179,122560,175179,2014,Arizona
5,54596,124867,179463,2014,Arizona
6,70198,129578,199776,2014,Arizona
7,54235,129,72454,2014,Arizona
8,0,128710,169776,2014,Arizona
9,88609,67841,162062,2014,Arizona
1,63555,124139,196256,2014,Arkansas
2,103477,123073,237330,2014,Arkansas
3,0,151630,190935,2014,Arkansas
4,87742,110789,206131,2014,Arkansas
1,84320,132052,216372,2014,California
2,163124,54400,217524,2014,California
3,79224,71036,150260,2014,California
4,0,211134,211134,2014,California
5,129613,0,171148,2014,California
6,97008,36448,133456,2014,California
7,92521,91066,183587,2014,California
8,37056,77480,114536,2014,California
9,63475,57729,121204,2014,California
10,55123,70582,125705,2014,California
11,117502,57160,174662,2014,California
12,160067,32197,192264,2014,California
13,168491,21940,190431,2014,California
14,114389,34757,149146,2014,California
15,99756,43150,142906,2014,California
16,46277,44943,91220,2014,California
17,134408,0,134408,2014,California
18,133060,63326,196386,2014,California
19,127788,0,127788,2014,California
20,106034,0,141044,2014,California
21,33470,45907,79377,2014,California
22,37289,96053,133342,2014,California
23,33726,100317,134043,2014,California
24,103228,95566,198794,2014,California
25,0,114072,114072,2014,California
26,87176,82653,169829,2014,California
27,75728,51852,127580,2014,California
28,91996,0,120264,2014,California
29,50096,17045,67141,2014,California
30,86568,45315,131883,2014,California
31,51622,48162,99784,2014,California
32,50353,34053,84406,2014,California
33,108331,74700,183031,2014,California
34,61621,0,61621,2014,California
35,62255,0,62255,2014,California
36,72682,61457,134139,2014,California
37,96787,18051,114838,2014,California
38,58192,40288,98480,2014,California
39,41906,91319,133225,2014,California
40,49379,0,49379,2014,California
41,46948,35936,82884,2014,California
42,38850,74540,113390,2014,California
43,69681,28521,98202,2014,California
44,59670,0,68862,2014,California
45,56819,106083,162902,2014,California
46,49738,33577,83315,2014,California
47,69091,54309,123400,2014,California
48,62713,112082,174795,2014,California
49,64981,98161,163142,2014,California
50,45302,111997,157299,2014,California
51,56373,25577,81950,2014,California
52,98826,92746,191572,2014,California
53,87104,60940,148044,2014,California
1,183281,80682,278494,2014,Colorado
2,196300,149645,345945,2014,Colorado
3,100364,163011,281141,2014,Colorado
4,83727,185292,286507,2014,Colorado
5,105673,157182,262855,2014,Colorado
6,118847,143467,276440,2014,Colorado
7,148225,120918,269143,2014,Colorado
1,127430,78609,217881,2014,Connecticut
2,131294,80837,227936,2014,Connecticut
3,130009,69454,209939,2014,Connecticut
4,101401,88209,198800,2014,Connecticut
5,106256,92404,213301,2014,Connecticut
1,137251,85146,231617,2014,Delaware
1,54976,165086,235343,2014,Florida
2,126096,123262,249780,2014,Florida
3,73910,148691,228809,2014,Florida
4,0,177887,227253,2014,Florida
5,112340,59237,171577,2014,Florida
6,99563,166254,265817,2014,Florida
7,73011,144474,227164,2014,Florida
8,93724,180728,274513,2014,Florida
9,93850,74963,173878,2014,Florida
10,89426,143128,232574,2014,Florida
11,90786,181508,272294,2014,Florida
12,0,0,0,2014,Florida
13,0,168172,223576,2014,Florida
14,0,0,0,2014,Florida
15,84832,128750,213582,2014,Florida
16,105483,169126,274829,2014,Florida
17,82263,141493,223756,2014,Florida
18,151478,101896,253374,2014,Florida
19,80824,159354,246861,2014,Florida
20,128498,28968,157466,2014,Florida
21,153395,0,153970,2014,Florida
22,125404,90685,216096,2014,Florida
23,103269,61519,164788,2014,Florida
24,129192,15239,149918,2014,Florida
25,0,0,0,2014,Florida
26,78306,83031,161337,2014,Florida
27,0,0,0,2014,Florida
1,61175,95337,156512,2014,Georgia
2,96363,66537,162900,2014,Georgia
3,0,156277,156277,2014,Georgia
4,161211,0,161320,2014,Georgia
5,170326,0,170326,2014,Georgia
6,71486,139018,210504,2014,Georgia
7,60112,113557,173669,2014,Georgia
8,0,129938,130057,2014,Georgia
9,34988,146059,181047,2014,Georgia
10,65777,130703,196480,2014,Georgia
11,0,161532,161532,2014,Georgia
12,75478,91336,166814,2014,Georgia
13,159445,0,159445,2014,Georgia
14,0,118782,118782,2014,Georgia
1,93390,86454,179902,2014,Hawaii
2,142010,33630,180415,2014,Hawaii
1,77277,143580,220864,2014,Idaho
2,82801,131492,214293,2014,Idaho
1,162268,59749,222017,2014,Illinois
2,160337,43799,204266,2014,Illinois
3,116764,64091,180855,2014,Illinois
4,79666,22278,101944,2014,Illinois
5,116364,56350,184019,2014,Illinois
6,78465,160287,238752,2014,Illinois
7,155110,27168,182278,2014,Illinois
8,84178,66878,151056,2014,Illinois
9,141000,72384,213450,2014,Illinois
10,91136,95992,187128,2014,Illinois
11,93436,81335,174772,2014,Illinois
12,87860,110038,209738,2014,Illinois
13,86935,123337,210272,2014,Illinois
14,76861,145369,222230,2014,Illinois
15,55652,166274,221926,2014,Illinois
16,63810,153388,217198,2014,Illinois
17,110560,88785,199361,2014,Illinois
18,62377,184363,246740,2014,Illinois
1,86579,51000,142293,2014,Indiana
2,55590,85583,145200,2014,Indiana
3,39771,97892,148793,2014,Indiana
4,47056,94998,142054,2014,Indiana
5,49756,105277,161440,2014,Indiana
6,45509,102187,155071,2014,Indiana
7,61443,46887,112261,2014,Indiana
8,61384,103344,171315,2014,Indiana
9,55016,101594,163387,2014,Indiana
1,141145,147762,289306,2014,Iowa
2,143431,129455,273329,2014,Iowa
3,119109,148814,282066,2014,Iowa
4,105504,169834,275633,2014,Iowa
1,65397,138764,204161,2014,Kansas
2,87153,128742,225686,2014,Kansas
3,89584,134493,224077,2014,Kansas
4,69396,138757,208153,2014,Kansas
1,63596,173022,236618,2014,Kentucky
2,69898,156936,226834,2014,Kentucky
3,157056,87981,247355,2014,Kentucky
4,71694,150464,222158,2014,Kentucky
5,47617,171350,218967,2014,Kentucky
6,98290,147404,245694,2014,Kentucky
1,46047,189250,244004,2014,Louisiana
2,190006,0,221570,2014,Louisiana
3,0,207926,236268,2014,Louisiana
4,0,152683,207919,2014,Louisiana
5,75006,247211,326073,2014,Louisiana
6,95127,234200,332888,2014,Louisiana
1,186674,94751,308898,2014,Maine
2,118568,133320,283473,2014,Maine
1,73843,176342,250418,2014,Maryland
2,120412,70411,196354,2014,Maryland
3,128594,87029,215946,2014,Maryland
4,134628,54217,268583,2014,Maryland
5,144725,80752,226040,2014,Maryland
6,94704,91930,190536,2014,Maryland
7,144639,55860,206809,2014,Maryland
8,136722,87859,225097,2014,Maryland
1,167612,0,171110,2014,Massachusetts
2,169640,0,172745,2014,Massachusetts
3,139104,81638,220946,2014,Massachusetts
4,184158,0,188098,2014,Massachusetts
5,182100,0,185260,2014,Massachusetts
6,149638,111989,272219,2014,Massachusetts
7,142133,0,144546,2014,Massachusetts
8,200644,0,203351,2014,Massachusetts
9,140413,114971,255541,2014,Massachusetts
1,113263,130414,250131,2014,Michigan
2,70851,135568,213072,2014,Michigan
3,84720,125754,217165,2014,Michigan
4,85777,123962,219423,2014,Michigan
5,148182,69222,222138,2014,Michigan
6,84391,116801,208976,2014,Michigan
7,92083,119564,223685,2014,Michigan
8,102269,132739,243125,2014,Michigan
9,136342,81470,225757,2014,Michigan
10,67143,157069,228692,2014,Michigan
11,101681,140435,251238,2014,Michigan
12,134346,64716,206660,2014,Michigan
13,132710,27234,166947,2014,Michigan
14,165272,41801,212468,2014,Michigan
1,122851,103536,226695,2014,Minnesota
2,95565,137778,245848,2014,Minnesota
3,101846,167515,269585,2014,Minnesota
4,147857,79492,241637,2014,Minnesota
5,167079,56577,236010,2014,Minnesota
6,90926,133328,236846,2014,Minnesota
7,130546,109955,240835,2014,Minnesota
8,129090,125358,266083,2014,Minnesota
1,43713,102622,151111,2014,Mississippi
2,100688,0,148646,2014,Mississippi
3,47744,117771,170946,2014,Mississippi
4,37869,108776,155576,2014,Mississippi
1,119315,35273,163494,2014,Missouri
2,75384,148191,231117,2014,Missouri
3,52021,130940,191620,2014,Missouri
4,46464,120014,176286,2014,Missouri
5,79256,69071,153635,2014,Missouri
6,55157,124616,186970,2014,Missouri
7,47282,104054,163957,2014,Missouri
8,38721,106124,159224,2014,Missouri
1,148690,203871,367963,2014,Montana
1,55838,123219,179057,2014,Nebraska
2,83872,78157,171509,2014,Nebraska
3,45524,139440,184964,2014,Nebraska
1,45643,30413,80299,2014,Nevada
2,52016,122402,186210,2014,Nevada
3,52644,88528,145719,2014,Nevada
4,59844,63466,130781,2014,Nevada
1,116769,125508,242736,2014,New Hampshire
2,130700,106871,238184,2014,New Hampshire
1,93315,64073,162492,2014,New Jersey
2,66026,108875,177148,2014,New Jersey
3,82537,100471,186103,2014,New Jersey
4,54415,118826,174849,2014,New Jersey
5,81808,104678,188921,2014,New Jersey
6,72190,46891,120457,2014,New Jersey
7,68232,104287,175997,2014,New Jersey
8,61510,15141,79518,2014,New Jersey
9,82498,36246,120459,2014,New Jersey
10,95734,14154,112123,2014,New Jersey
11,65477,109455,174932,2014,New Jersey
12,90430,54168,148366,2014,New Jersey
1,105474,74558,180032,2014,New Mexico
2,52499,95209,147777,2014,New Mexico
3,113249,70775,184076,2014,New Mexico
1,78722,94035,172757,2014,New York
2,41814,95177,139272,2014,New York
3,90032,74269,164301,2014,New York
4,89793,80127,169920,2014,New York
5,75712,0,79582,2014,New York
6,55368,0,55368,2014,New York
7,56593,5713,63704,2014,New York
8,77255,0,83928,2014,New York
9,82659,0,92386,2014,New York
10,89080,0,101676,2014,New York
11,45244,58886,106817,2014,New York
12,90603,22731,113334,2014,New York
13,68396,0,78202,2014,New York
14,50352,0,57087,2014,New York
15,54906,0,56521,2014,New York
16,99658,0,99658,2014,New York
17,98150,75781,173931,2014,New York
18,88993,85660,178947,2014,New York
19,72470,131594,204064,2014,New York
20,125111,79104,204215,2014,New York
21,59063,96226,174527,2014,New York
22,0,129851,129851,2014,New York
23,70242,113130,183372,2014,New York
24,80304,118474,198778,2014,New York
25,96803,95932,192735,2014,New York
26,113210,52909,166119,2014,New York
27,58911,144675,203586,2014,New York
1,154333,55990,210323,2014,North Carolina
2,85479,122128,207607,2014,North Carolina
3,66182,139415,205597,2014,North Carolina
4,169946,57416,227362,2014,North Carolina
5,88973,139279,228252,2014,North Carolina
6,103758,147312,251070,2014,North Carolina
7,84054,134431,226504,2014,North Carolina
8,65854,121568,187422,2014,North Carolina
9,0,163080,173668,2014,North Carolina
10,85292,133504,218796,2014,North Carolina
11,85342,144682,230024,2014,North Carolina
12,130096,42568,172664,2014,North Carolina
13,114718,153991,268709,2014,North Carolina
1,95678,138100,248670,2014,North Dakota
1,72604,124779,197383,2014,Ohio
2,68453,132658,201111,2014,Ohio
3,91769,51475,143261,2014,Ohio
4,60165,125907,186072,2014,Ohio
5,58507,134449,202300,2014,Ohio
6,73561,111026,190652,2014,Ohio
7,0,143959,143959,2014,Ohio
8,51534,126539,188330,2014,Ohio
9,108870,51704,160715,2014,Ohio
10,63249,130752,200606,2014,Ohio
11,137105,35461,172566,2014,Ohio
12,61360,150573,221081,2014,Ohio
13,120230,55233,175549,2014,Ohio
14,70856,135736,214580,2014,Ohio
15,66125,128496,194621,2014,Ohio
16,75199,132176,207375,2014,Ohio
1,0,0,0,2014,Oklahoma
2,38964,110925,158407,2014,Oklahoma
3,36270,133335,169605,2014,Oklahoma
4,40998,117721,166268,2014,Oklahoma
5,57790,95632,159133,2014,Oklahoma
1,160038,96245,279253,2014,Oregon
2,73785,202374,287425,2014,Oregon
3,211748,57424,292757,2014,Oregon
4,181624,116534,310179,2014,Oregon
5,150944,110332,281088,2014,Oregon
1,131248,27193,158441,2014,Pennsylvania
2,181141,25397,206538,2014,Pennsylvania
3,73931,113859,187790,2014,Pennsylvania
4,50250,147090,197340,2014,Pennsylvania
5,65839,115018,180857,2014,Pennsylvania
6,92901,119643,212544,2014,Pennsylvania
7,89256,145869,235125,2014,Pennsylvania
8,84767,137731,222498,2014,Pennsylvania
9,63223,110094,173317,2014,Pennsylvania
10,44737,112851,180322,2014,Pennsylvania
11,62228,122464,184692,2014,Pennsylvania
12,87928,127993,215921,2014,Pennsylvania
13,123601,60549,184150,2014,Pennsylvania
14,148351,0,148351,2014,Pennsylvania
15,0,128285,128285,2014,Pennsylvania
16,74513,101722,176235,2014,Pennsylvania
17,93680,71371,165051,2014,Pennsylvania
18,0,166076,166076,2014,Pennsylvania
1,87060,58877,146353,2014,Rhode Island
2,105716,63844,169904,2014,Rhode Island
1,0,119392,127815,2014,South Carolina
2,68719,121649,194808,2014,South Carolina
3,47181,116741,164009,2014,South Carolina
4,0,126452,149049,2014,South Carolina
5,66802,103078,175145,2014,South Carolina
6,125747,44311,173432,2014,South Carolina
7,68576,102833,171524,2014,South Carolina
1,92485,183834,276319,2014,South Dakota
1,0,115533,139470,2014,Tennessee
2,37612,120883,166751,2014,Tennessee
3,53983,97344,156097,2014,Tennessee
4,51357,84815,145418,2014,Tennessee
5,96148,55078,154276,2014,Tennessee
6,37232,115231,162097,2014,Tennessee
7,42280,110534,157907,2014,Tennessee
8,42433,122255,172595,2014,Tennessee
9,87376,27173,116550,2014,Tennessee
1,33476,115084,148560,2014,Texas
2,44462,101936,150026,2014,Texas
3,0,113404,138280,2014,Texas
4,0,115085,115085,2014,Texas
5,0,88998,104262,2014,Texas
6,55027,92334,150996,2014,Texas
7,49478,90606,143219,2014,Texas
8,0,125066,140013,2014,Texas
9,78109,0,86003,2014,Texas
10,60243,109726,176460,2014,Texas
11,0,107939,119574,2014,Texas
12,41757,113186,158730,2014,Texas
13,16822,110842,131451,2014,Texas
14,52545,90116,145698,2014,Texas
15,48708,39016,90184,2014,Texas
16,49338,21324,73105,2014,Texas
17,43049,85807,132865,2014,Texas
18,76097,26249,106010,2014,Texas
19,21458,90160,116818,2014,Texas
20,66554,0,87964,2014,Texas
21,0,135660,188996,2014,Texas
22,47844,100861,151566,2014,Texas
23,55037,57459,115429,2014,Texas
24,46548,93712,144073,2014,Texas
25,64463,107120,177883,2014,Texas
26,0,116944,141470,2014,Texas
27,44152,83342,131047,2014,Texas
28,62508,0,76136,2014,Texas
29,41321,0,46143,2014,Texas
30,93041,0,105793,2014,Texas
31,45715,91607,143028,2014,Texas
32,55325,96495,156096,2014,Texas
33,43769,0,50592,2014,Texas
34,47503,30811,79877,2014,Texas
35,60124,32040,96225,2014,Texas
36,29543,101663,133842,2014,Texas
1,36422,84231,130034,2014,Utah
2,47585,88915,146188,2014,Utah
3,32059,102952,142580,2014,Utah
4,67425,74936,147168,2014,Utah
1,123349,59432,191504,2014,Vermont
1,72059,131861,209621,2014,Virginia
2,71178,101558,173060,2014,Virginia
3,139197,0,147402,2014,Virginia
4,75270,120684,200638,2014,Virginia
5,73482,124735,204945,2014,Virginia
6,0,133898,179708,2014,Virginia
7,89914,148026,243351,2014,Virginia
8,128102,63810,203076,2014,Virginia
9,0,117465,162815,2014,Virginia
10,89957,125914,222910,2014,Virginia
11,106780,75796,187805,2014,Virginia
1,124151,101428,225579,2014,Washington
2,122173,79518,201691,2014,Washington
3,78018,124796,202814,2014,Washington
4,0,153079,153079,2014,Washington
5,87772,135470,223242,2014,Washington
6,141265,83025,224290,2014,Washington
7,203954,47921,251875,2014,Washington
8,73003,125741,198744,2014,Washington
9,118132,48662,166794,2014,Washington
10,99279,82213,181492,2014,Washington
1,52109,92491,144737,2014,West Virginia
2,67687,72619,154250,2014,West Virginia
3,62688,77713,140401,2014,West Virginia
1,105552,182316,287897,2014,Wisconsin
2,224920,103619,328539,2014,Wisconsin
3,155368,119540,275036,2014,Wisconsin
4,179045,68490,254537,2014,Wisconsin
5,101190,231160,332350,2014,Wisconsin
6,122212,169767,298844,2014,Wisconsin
7,112949,169891,286561,2014,Wisconsin
8,101345,188553,289898,2014,Wisconsin
1,37803,113038,165100,2014,Wyoming
1,0,208083,215893,2016,Alabama
2,112089,134886,276584,2016,Alabama
3,94549,192164,287104,2016,Alabama
4,0,235925,239444,2016,Alabama
5,102234,205647,308326,2016,Alabama
6,83709,245313,329306,2016,Alabama
7,229330,0,233028,2016,Alabama
1,111019,155088,308198,2016,Alaska
1,142219,121745,280710,2016,Arizona
2,135873,179806,315679,2016,Arizona
3,148973,1635,151035,2016,Arizona
4,81296,203487,284783,2016,Arizona
5,114940,205184,320124,2016,Arizona
6,122866,201578,324444,2016,Arizona
7,119465,39286,158811,2016,Arizona
8,0,204942,298971,2016,Arizona
9,169055,108350,277511,2016,Arizona
1,0,183866,241047,2016,Arkansas
2,111347,176472,302464,2016,Arkansas
3,0,217192,280907,2016,Arkansas
4,0,182885,244159,2016,Arkansas
1,128588,185448,314036,2016,California
2,254194,76572,330766,2016,California
3,152513,104453,256966,2016,California
4,130845,220133,350978,2016,California
5,224526,67565,292091,2016,California
6,177565,57848,235413,2016,California
7,152133,145168,297301,2016,California
8,83035,136972,220007,2016,California
9,133163,98992,232155,2016,California
10,116470,124671,241141,2016,California
11,214868,83341,298209,2016,California
12,274035,0,338845,2016,California
13,293117,29754,322871,2016,California
14,231630,54817,286447,2016,California
15,198578,70619,269197,2016,California
16,97473,70483,167956,2016,California
17,233192,0,233192,2016,California
18,230460,93470,323930,2016,California
19,181802,64061,245863,2016,California
20,180980,74811,255791,2016,California
21,57282,75126,132408,2016,California
22,76211,158755,234966,2016,California
23,74468,167116,241584,2016,California
24,166034,144780,310814,2016,California
25,122406,138755,261161,2016,California
26,169248,111059,280307,2016,California
27,168977,81655,250632,2016,California
28,210883,59526,270409,2016,California
29,171824,0,171824,2016,California
30,205279,77325,282604,2016,California
31,121070,94866,215936,2016,California
32,186646,0,186646,2016,California
33,219397,110822,330219,2016,California
34,159156,0,159156,2016,California
35,124044,47309,171353,2016,California
36,144348,88269,232617,2016,California
37,237272,0,237272,2016,California
38,163590,68524,232114,2016,California
39,112679,150777,263456,2016,California
40,106554,0,149297,2016,California
41,128164,69159,197323,2016,California
42,104689,149547,254236,2016,California
43,167017,52499,219516,2016,California
44,178413,0,178413,2016,California
45,129231,182618,311849,2016,California
46,164593,0,164593,2016,California
47,154759,88109,242868,2016,California
48,127715,178701,306416,2016,California
49,154267,155888,310155,2016,California
50,103646,179937,283583,2016,California
51,145162,54362,199524,2016,California
52,181253,139403,320656,2016,California
53,198988,97968,296956,2016,California
1,257254,105030,379036,2016,Colorado
2,260175,170001,457312,2016,Colorado
3,150914,204220,374037,2016,Colorado
4,123642,248230,390633,2016,Colorado
5,111676,225445,361993,2016,Colorado
6,160372,191626,376417,2016,Colorado
7,199758,144066,362010,2016,Colorado
1,200686,105674,312923,2016,Connecticut
2,208818,111149,330248,2016,Connecticut
3,207515,95786,309358,2016,Connecticut
4,187811,125724,313535,2016,Connecticut
5,179252,129801,309053,2016,Connecticut
1,233554,172301,420617,2016,Delaware
1,114079,255107,369186,2016,Florida
2,102801,231163,343362,2016,Florida
3,136338,193843,342700,2016,Florida
4,113088,287509,409662,2016,Florida
5,194549,108325,302874,2016,Florida
6,151051,213519,364570,2016,Florida
7,182039,171583,353655,2016,Florida
8,127127,246483,390561,2016,Florida
9,195311,144450,339761,2016,Florida
10,198491,107498,305989,2016,Florida
11,124713,258016,394719,2016,Florida
12,116110,253559,369669,2016,Florida
13,184693,171149,355842,2016,Florida
14,195789,121088,316877,2016,Florida
15,135475,182999,318474,2016,Florida
16,155262,230654,385916,2016,Florida
17,115974,209348,338675,2016,Florida
18,161918,201488,375927,2016,Florida
19,123812,239225,363166,2016,Florida
20,222914,54646,277560,2016,Florida
21,210606,118038,335861,2016,Florida
22,199113,138737,337850,2016,Florida
23,183225,130818,323120,2016,Florida
24,0,0,0,2016,Florida
25,95319,157921,253240,2016,Florida
26,115493,148547,280542,2016,Florida
27,129760,157917,280542,2016,Florida
1,0,210243,210243,2016,Georgia
2,148543,94056,242599,2016,Georgia
3,95969,207218,303187,2016,Georgia
4,220146,70593,290739,2016,Georgia
5,253781,46768,300549,2016,Georgia
6,124917,201088,326005,2016,Georgia
7,114220,174081,288301,2016,Georgia
8,83225,173983,257208,2016,Georgia
9,0,256535,256535,2016,Georgia
10,0,243725,243725,2016,Georgia
11,105383,217935,323318,2016,Georgia
12,99420,159492,258912,2016,Georgia
13,252833,0,252833,2016,Georgia
14,0,216743,216743,2016,Georgia
1,145417,45958,202357,2016,Hawaii
2,170848,39668,210516,2016,Hawaii
1,113052,242252,355357,2016,Idaho
2,95940,205292,326237,2016,Idaho
1,234037,81817,315862,2016,Illinois
2,235051,59471,294522,2016,Illinois
3,225320,0,225411,2016,Illinois
4,171297,0,171297,2016,Illinois
5,212842,86222,313724,2016,Illinois
6,143591,208555,352146,2016,Illinois
7,250584,46882,297466,2016,Illinois
8,144954,103617,248571,2016,Illinois
9,217306,109550,326948,2016,Illinois
10,150435,135535,285996,2016,Illinois
11,166578,108995,275573,2016,Illinois
12,124246,169976,313002,2016,Illinois
13,126811,187583,314394,2016,Illinois
14,137589,200508,338097,2016,Illinois
15,0,274554,274554,2016,Illinois
16,0,259722,259853,2016,Illinois
17,173125,113943,287068,2016,Illinois
18,96770,250506,347283,2016,Illinois
1,207515,0,254583,2016,Indiana
2,102401,164355,277357,2016,Indiana
3,66023,201396,287247,2016,Indiana
4,91256,193412,299434,2016,Indiana
5,123849,221957,361135,2016,Indiana
6,79135,204920,296385,2016,Indiana
7,158739,94456,264670,2016,Indiana
8,93356,187702,294713,2016,Indiana
9,130627,174791,322843,2016,Indiana
1,177403,206903,384977,2016,Iowa
2,198571,170933,370032,2016,Iowa
3,155002,208598,390287,2016,Iowa
4,142993,226719,370259,2016,Iowa
1,0,169992,257971,2016,Kansas
2,96840,181228,297401,2016,Kansas
3,139300,176022,343113,2016,Kansas
4,81495,166998,275251,2016,Kansas
1,81710,216959,299001,2016,Kentucky
2,0,251825,251825,2016,Kentucky
3,212401,122093,334494,2016,Kentucky
4,94065,233922,327987,2016,Kentucky
5,0,221242,221242,2016,Kentucky
6,128728,202099,330827,2016,Kentucky
1,63785,243645,326788,2016,Louisiana
2,284269,0,284269,2016,Louisiana
3,56215,258632,320454,2016,Louisiana
4,80593,199750,285985,2016,Louisiana
5,0,255662,255662,2016,Louisiana
6,79202,241075,331098,2016,Louisiana
1,227546,164569,392391,2016,Maine
2,159081,192878,352183,2016,Maine
1,103622,242574,362097,2016,Maryland
2,192183,102577,309480,2016,Maryland
3,214640,115048,339675,2016,Maryland
4,237501,68670,320650,2016,Maryland
5,242989,105931,360634,2016,Maryland
6,185770,133081,331973,2016,Maryland
7,238838,69758,318912,2016,Maryland
8,220657,124651,364324,2016,Maryland
1,235803,0,321539,2016,Massachusetts
2,275487,0,280411,2016,Massachusetts
3,236713,107519,344592,2016,Massachusetts
4,265823,113055,379213,2016,Massachusetts
5,285606,0,289807,2016,Massachusetts
6,308923,0,314055,2016,Massachusetts
7,253354,0,256911,2016,Massachusetts
8,271019,102744,374265,2016,Massachusetts
9,211790,127803,379895,2016,Massachusetts
1,144334,197777,355497,2016,Michigan
2,110391,212508,331053,2016,Michigan
3,128400,203545,342365,2016,Michigan
4,101277,194572,304365,2016,Michigan
5,195279,112102,314387,2016,Michigan
6,119580,193259,323259,2016,Michigan
7,134010,184321,334807,2016,Michigan
8,143791,205629,359039,2016,Michigan
9,199661,128937,338161,2016,Michigan
10,110112,215132,340983,2016,Michigan
11,152461,200872,369943,2016,Michigan
12,211378,96104,316665,2016,Michigan
13,198771,40541,248960,2016,Michigan
14,244135,58103,307131,2016,Michigan
1,169074,166526,335600,2016,Minnesota
2,167315,173970,370514,2016,Minnesota
3,169243,223077,393464,2016,Minnesota
4,203299,121032,351944,2016,Minnesota
5,249964,80660,361882,2016,Minnesota
6,123008,235380,358924,2016,Minnesota
7,173589,156952,330848,2016,Minnesota
8,179098,177089,356979,2016,Minnesota
1,83947,206455,300423,2016,Mississippi
2,192343,83542,286626,2016,Mississippi
3,96101,209490,316445,2016,Mississippi
4,77505,181323,278779,2016,Mississippi
1,236993,62714,314024,2016,Missouri
2,155689,241954,413296,2016,Missouri
3,102891,249865,368333,2016,Missouri
4,92510,225348,332234,2016,Missouri
5,190766,123771,324270,2016,Missouri
6,99692,238388,350444,2016,Missouri
7,92756,228692,338607,2016,Missouri
8,70009,229792,308871,2016,Missouri
1,205919,285358,507831,2016,Montana
1,83467,189771,273238,2016,Nebraska
2,137602,141066,288308,2016,Nebraska
3,0,226720,226720,2016,Nebraska
1,116537,54174,188352,2016,Nevada
2,115722,182676,313336,2016,Nevada
3,146869,142926,310963,2016,Nevada
4,128985,118328,265846,2016,Nevada
1,162080,157176,365984,2016,New Hampshire
2,174495,158973,350792,2016,New Hampshire
1,183231,112388,305473,2016,New Jersey
2,110838,176338,297795,2016,New Jersey
3,127526,194596,328060,2016,New Jersey
4,111532,211992,332684,2016,New Jersey
5,172587,157690,337701,2016,New Jersey
6,167895,91908,263435,2016,New Jersey
7,148188,185850,343635,2016,New Jersey
8,134733,32337,174889,2016,New Jersey
9,162642,65376,233242,2016,New Jersey
10,190856,26450,222771,2016,New Jersey
11,130162,194299,334992,2016,New Jersey
12,181430,92407,288634,2016,New Jersey
1,181088,96879,277967,2016,New Mexico
2,85232,143514,228816,2016,New Mexico
3,170612,102730,273342,2016,New Mexico
1,126635,158409,323777,2016,New York
2,102162,157321,292033,2016,New York
3,167758,131534,317335,2016,New York
4,180748,110736,311151,2016,New York
5,197591,26741,233392,2016,New York
6,131463,43770,189246,2016,New York
7,165819,14941,189624,2016,New York
8,203235,0,229996,2016,New York
9,198886,0,231765,2016,New York
10,180117,46275,246228,2016,New York
11,85257,122606,232097,2016,New York
12,230153,49398,293756,2016,New York
13,207194,13129,233408,2016,New York
14,138367,26891,178132,2016,New York
15,165688,6129,173921,2016,New York
16,198811,0,221682,2016,New York
17,193819,0,214530,2016,New York
18,140951,111117,291429,2016,New York
19,123733,134825,303600,2016,New York
20,188428,83328,313759,2016,New York
21,75965,152597,272499,2016,New York
22,102734,113287,278348,2016,New York
23,106600,136964,279634,2016,New York
24,110550,150330,301801,2016,New York
25,168660,113840,325600,2016,New York
26,195322,56930,288666,2016,New York
27,107832,175509,328717,2016,New York
1,240661,101567,350699,2016,North Carolina
2,169082,221485,390567,2016,North Carolina
3,106170,217531,323701,2016,North Carolina
4,279380,130161,409541,2016,North Carolina
5,147887,207625,355512,2016,North Carolina
6,143167,207983,351150,2016,North Carolina
7,135905,211801,347706,2016,North Carolina
8,133182,189863,323045,2016,North Carolina
9,139041,193452,332493,2016,North Carolina
10,128919,220825,349744,2016,North Carolina
11,129103,230405,359508,2016,North Carolina
12,234115,115185,349300,2016,North Carolina
13,156049,199443,355492,2016,North Carolina
1,80377,233980,338459,2016,North Dakota
1,144644,210014,354788,2016,Ohio
2,111694,221193,340279,2016,Ohio
3,199791,91560,291351,2016,Ohio
4,98981,210227,309208,2016,Ohio
5,100392,244599,344991,2016,Ohio
6,88780,213975,302755,2016,Ohio
7,89638,198221,309553,2016,Ohio
8,87794,223833,325506,2016,Ohio
9,193966,88427,282398,2016,Ohio
10,109981,215724,336602,2016,Ohio
11,242917,59769,302686,2016,Ohio
12,112638,251266,377534,2016,Ohio
13,208610,99377,308004,2016,Ohio
14,130907,219191,350269,2016,Ohio
15,113960,222847,336807,2016,Ohio
16,119830,225794,345624,2016,Ohio
1,0,0,0,2016,Oklahoma
2,62387,189389,268870,2016,Oklahoma
3,63090,227525,290615,2016,Oklahoma
4,76472,204143,293189,2016,Oklahoma
5,103273,160184,280570,2016,Oklahoma
1,225391,139756,378095,2016,Oregon
2,106640,272952,380739,2016,Oregon
3,274687,0,382355,2016,Oregon
4,220628,157743,397568,2016,Oregon
5,199505,160443,373108,2016,Oregon
1,245791,53219,299010,2016,Pennsylvania
2,280439,29661,310100,2016,Pennsylvania
3,322514,35131,357645,2016,Pennsylvania
4,0,244893,244893,2016,Pennsylvania
5,113372,220628,334000,2016,Pennsylvania
6,101082,206761,307843,2016,Pennsylvania
7,155000,207469,362469,2016,Pennsylvania
8,153824,225678,379502,2016,Pennsylvania
9,173555,207263,380818,2016,Pennsylvania
10,107985,186580,294565,2016,Pennsylvania
11,89823,211282,301105,2016,Pennsylvania
12,113800,199421,313221,2016,Pennsylvania
13,137353,221851,359204,2016,Pennsylvania
14,239316,0,239316,2016,Pennsylvania
15,255293,87999,343292,2016,Pennsylvania
16,124129,190618,326474,2016,Pennsylvania
17,134586,168669,313773,2016,Pennsylvania
18,157734,135430,293164,2016,Pennsylvania
19,0,293684,293684,2016,Pennsylvania
1,130540,71023,202377,2016,Rhode Island
2,133108,70301,229148,2016,Rhode Island
1,119779,190410,325170,2016,South Carolina
2,109452,183746,304996,2016,South Carolina
3,73766,198431,272481,2016,South Carolina
4,91676,198648,295670,2016,South Carolina
5,115437,175909,297781,2016,South Carolina
6,177947,70099,253901,2016,South Carolina
7,112744,176468,289463,2016,South Carolina
1,132810,237163,369973,2016,South Dakota
1,39024,198293,253025,2016,Tennessee
2,68401,212455,280856,2016,Tennessee
3,76727,176613,266006,2016,Tennessee
4,89141,165796,254937,2016,Tennessee
5,171111,102433,273544,2016,Tennessee
6,61995,202234,284490,2016,Tennessee
7,65226,200407,277513,2016,Tennessee
8,70925,194386,282733,2016,Tennessee
9,171631,41123,217957,2016,Tennessee
1,62847,192434,260409,2016,Texas
2,100231,168692,278236,2016,Texas
3,109420,193684,316467,2016,Texas
4,0,216643,246220,2016,Texas
5,0,155469,192875,2016,Texas
6,106667,159444,273296,2016,Texas
7,111991,143542,255533,2016,Texas
8,0,236379,236379,2016,Texas
9,152032,36491,188523,2016,Texas
10,120170,179221,312600,2016,Texas
11,0,201871,225548,2016,Texas
12,76029,196482,283115,2016,Texas
13,0,199050,221242,2016,Texas
14,99054,160631,259685,2016,Texas
15,101712,66877,177479,2016,Texas
16,150228,0,175229,2016,Texas
17,86603,149417,245728,2016,Texas
18,150157,48306,204308,2016,Texas
19,0,176314,203475,2016,Texas
20,149640,0,187669,2016,Texas
21,129765,202967,356031,2016,Texas
22,123679,181864,305543,2016,Texas
23,107526,110577,228965,2016,Texas
24,108389,154845,275635,2016,Texas
25,117073,180988,310196,2016,Texas
26,94507,211730,319080,2016,Texas
27,88329,142251,230580,2016,Texas
28,122086,57740,184442,2016,Texas
29,95649,31646,131982,2016,Texas
30,170502,41518,218826,2016,Texas
31,103852,166060,284588,2016,Texas
32,0,162868,229171,2016,Texas
33,93147,33222,126369,2016,Texas
34,104638,62323,166961,2016,Texas
35,124612,62384,197576,2016,Texas
36,0,193675,218565,2016,Texas
1,73381,182928,277455,2016,Utah
2,93780,170542,276841,2016,Utah
3,75716,209589,285305,2016,Utah
4,113413,147597,274569,2016,Utah
1,0,264414,295334,2016,Vermont
1,140785,230213,384601,2016,Virginia
2,119440,190475,310567,2016,Virginia
3,208337,103289,312340,2016,Virginia
4,200136,145731,346656,2016,Virginia
5,148339,207758,356756,2016,Virginia
6,112170,225471,338409,2016,Virginia
7,160159,218057,379163,2016,Virginia
8,246653,98387,360676,2016,Virginia
9,87877,212838,310314,2016,Virginia
10,187712,210791,400083,2016,Virginia
11,247818,0,282003,2016,Virginia
1,193619,155779,349398,2016,Washington
2,208314,117094,325408,2016,Washington
3,119820,193457,313277,2016,Washington
4,0,229919,229919,2016,Washington
5,130575,192959,323534,2016,Washington
6,201718,126116,327834,2016,Washington
7,378754,0,378754,2016,Washington
8,127720,193145,320865,2016,Washington
9,205165,76317,281482,2016,Washington
10,170460,120104,290564,2016,Washington
1,73534,163469,237003,2016,West Virginia
2,101207,140807,242014,2016,West Virginia
3,49708,140741,207332,2016,West Virginia
1,107003,230072,354245,2016,Wisconsin
2,273537,124044,398060,2016,Wisconsin
3,257401,169,260370,2016,Wisconsin
4,220181,0,286909,2016,Wisconsin
5,114477,260706,390844,2016,Wisconsin
6,133072,204147,357183,2016,Wisconsin
7,138643,223418,362271,2016,Wisconsin
8,135684,227892,363280,2016,Wisconsin
1,75466,156176,251776,2016,Wyoming
1,89226,153228,242617,2018,Alabama
2,86931,138879,226230,2018,Alabama
3,83996,147770,231915,2018,Alabama
4,46492,184255,230969,2018,Alabama
5,101388,159063,260673,2018,Alabama
6,85644,192542,278328,2018,Alabama
7,185010,0,189163,2018,Alabama
1,0,149779,282166,2018,Alaska
1,143240,122784,266089,2018,Arizona
2,161000,133083,294152,2018,Arizona
3,114650,64868,179518,2018,Arizona
4,84521,188842,277035,2018,Arizona
5,127027,186037,313064,2018,Arizona
6,140559,173140,313699,2018,Arizona
7,113044,301,132051,2018,Arizona
8,135569,168835,304417,2018,Arizona
9,159583,101662,261245,2018,Arizona
1,57907,138757,201245,2018,Arkansas
2,116135,132125,253453,2018,Arkansas
3,74952,148717,229568,2018,Arkansas
4,63984,136740,204892,2018,Arkansas
1,131548,160046,291594,2018,California
2,243081,72576,315657,2018,California
3,134875,97376,232251,2018,California
4,156253,184401,340654,2018,California
5,205860,0,261018,2018,California
6,201939,0,201939,2018,California
7,155016,126601,281617,2018,California
8,0,170785,170785,2018,California
9,113414,87349,200763,2018,California
10,115945,105955,221900,2018,California
11,204369,71312,275681,2018,California
12,275292,41780,317072,2018,California
13,260580,0,294837,2018,California
14,211384,55439,266823,2018,California
15,177989,65940,243929,2018,California
16,82266,60693,142959,2018,California
17,159105,52057,211162,2018,California
18,225142,77096,302238,2018,California
19,162496,57823,220319,2018,California
20,183677,0,225721,2018,California
21,57239,56377,113616,2018,California
22,105136,117243,222379,2018,California
23,74661,131113,205774,2018,California
24,166550,117881,284431,2018,California
25,133209,111813,245022,2018,California
26,158216,97210,255426,2018,California
27,202636,0,202636,2018,California
28,196662,54272,250934,2018,California
29,124697,29995,154692,2018,California
30,191573,69420,260993,2018,California
31,110143,77352,187495,2018,California
32,121759,55272,177031,2018,California
33,219091,93769,312860,2018,California
34,110195,0,151906,2018,California
35,103420,45604,149024,2018,California
36,122169,84839,207008,2018,California
37,210555,25823,236378,2018,California
38,139188,62968,202156,2018,California
39,126002,118391,244393,2018,California
40,93938,0,121449,2018,California
41,108227,58021,166248,2018,California
42,100892,131040,231932,2018,California
43,152272,43780,196052,2018,California
44,143322,0,143322,2018,California
45,158906,146383,305289,2018,California
46,102278,45638,147916,2018,California
47,143354,77682,221036,2018,California
48,157837,136899,294736,2018,California
49,166453,128577,295030,2018,California
50,125448,134362,259810,2018,California
51,109527,44301,153828,2018,California
52,188992,107015,296007,2018,California
53,185667,83127,268794,2018,California
1,272886,85207,369715,2018,Colorado
2,259608,144901,430765,2018,Colorado
3,146426,173205,336201,2018,Colorado
4,145544,224038,369620,2018,Colorado
5,126848,184002,322716,2018,Colorado
6,187639,148685,346822,2018,Colorado
7,204260,119734,338067,2018,Colorado
1,166155,96024,274140,2018,Connecticut
2,167659,102483,289114,2018,Connecticut
3,163211,95667,270239,2018,Connecticut
4,168726,103175,275651,2018,Connecticut
5,142901,115146,270664,2018,Connecticut
1,227353,125384,353814,2018,Delaware
1,106199,216189,322388,2018,Florida
2,96233,199335,295568,2018,Florida
3,129880,176616,306496,2018,Florida
4,123351,248420,381249,2018,Florida
5,180527,89799,270326,2018,Florida
6,145758,187891,333649,2018,Florida
7,183113,134285,317398,2018,Florida
8,142415,218112,360527,2018,Florida
9,172172,124565,296737,2018,Florida
10,0,0,0,2018,Florida
11,128053,239395,367506,2018,Florida
12,132844,194564,334918,2018,Florida
13,182717,134254,316971,2018,Florida
14,0,0,0,2018,Florida
15,134132,151380,285532,2018,Florida
16,164463,197483,361946,2018,Florida
17,117194,193326,310520,2018,Florida
18,156454,185905,342359,2018,Florida
19,128106,211465,339607,2018,Florida
20,202659,0,202824,2018,Florida
21,0,0,0,2018,Florida
22,184634,113049,297683,2018,Florida
23,161611,99446,276366,2018,Florida
24,0,0,0,2018,Florida
25,84173,128672,212845,2018,Florida
26,119797,115678,235475,2018,Florida
27,130743,115588,252586,2018,Florida
1,105942,144741,250683,2018,Georgia
2,136699,92472,229171,2018,Georgia
3,101010,191996,293006,2018,Georgia
4,227717,61092,288809,2018,Georgia
5,275406,0,275406,2018,Georgia
6,160139,156875,317014,2018,Georgia
7,140011,140430,280441,2018,Georgia
8,0,198152,198152,2018,Georgia
9,57912,224661,282573,2018,Georgia
10,112339,190396,302735,2018,Georgia
11,118653,191887,310540,2018,Georgia
12,101503,148986,250489,2018,Georgia
13,223157,69760,292917,2018,Georgia
14,53981,175743,229724,2018,Georgia
1,134650,42498,184348,2018,Hawaii
2,153271,44850,198174,2018,Hawaii
1,96922,197719,315069,2018,Idaho
2,110381,170274,280655,2018,Idaho
1,189560,50960,257885,2018,Illinois
2,190684,44567,235251,2018,Illinois
3,163053,57885,223334,2018,Illinois
4,143895,22294,166189,2018,Illinois
5,213992,65134,279131,2018,Illinois
6,169001,146445,315446,2018,Illinois
7,215746,30497,246243,2018,Illinois
8,130054,67073,197127,2018,Illinois
9,213368,76983,290351,2018,Illinois
10,156540,82124,238664,2018,Illinois
11,145407,82358,227765,2018,Illinois
12,118724,134884,261543,2018,Illinois
13,134458,136516,270981,2018,Illinois
14,156035,141164,297199,2018,Illinois
15,74309,181294,255608,2018,Illinois
16,104569,151254,255825,2018,Illinois
17,142659,87090,229749,2018,Illinois
18,95486,195927,291413,2018,Illinois
1,159611,85594,245209,2018,Indiana
2,103363,125499,228889,2018,Indiana
3,86610,158927,245537,2018,Indiana
4,87824,156539,244363,2018,Indiana
5,137142,180035,317177,2018,Indiana
6,79430,154260,241726,2018,Indiana
7,141139,76457,217596,2018,Indiana
8,86895,157396,244291,2018,Indiana
9,118090,153271,271361,2018,Indiana
1,170342,153442,334243,2018,Iowa
2,171446,133287,312913,2018,Iowa
3,175642,167933,356241,2018,Iowa
4,147246,157676,313045,2018,Iowa
1,71558,153082,224640,2018,Kansas
2,123859,126098,264688,2018,Kansas
3,170518,139762,318301,2018,Kansas
4,98445,144248,242693,2018,Kansas
1,78849,172167,251016,2018,Kentucky
2,79964,171700,257345,2018,Kentucky
3,173002,101930,278720,2018,Kentucky
4,90536,162946,261812,2018,Kentucky
5,45890,172093,218017,2018,Kentucky
6,144736,154468,302888,2018,Kentucky
1,71521,192555,269325,2018,Louisiana
2,190182,0,235982,2018,Louisiana
3,74713,168263,245943,2018,Louisiana
4,72934,139326,216872,2018,Louisiana
5,67118,149018,223946,2018,Louisiana
6,76716,186553,268525,2018,Louisiana
1,201195,111188,342053,2018,Maine
2,142440,138931,281371,2018,Maine
1,116631,183662,306186,2018,Maryland
2,167201,77782,253302,2018,Maryland
3,202407,82774,292880,2018,Maryland
4,209642,53327,268583,2018,Maryland
5,213796,82361,304209,2018,Maryland
6,163346,105209,277084,2018,Maryland
7,202345,56266,264710,2018,Maryland
8,217679,96525,319330,2018,Maryland
1,211790,0,216900,2018,Massachusetts
2,191332,93391,284893,2018,Massachusetts
3,173175,93445,279327,2018,Massachusetts
4,245289,0,251016,2018,Massachusetts
5,236243,74856,311324,2018,Massachusetts
6,217703,104798,333975,2018,Massachusetts
7,216557,0,220409,2018,Massachusetts
8,259159,0,263307,2018,Massachusetts
9,192347,131463,323928,2018,Massachusetts
1,145246,187251,332497,2018,Michigan
2,131254,168970,305463,2018,Michigan
3,134185,169107,310740,2018,Michigan
4,106540,178510,285050,2018,Michigan
5,164502,99265,276413,2018,Michigan
6,134082,147436,293438,2018,Michigan
7,136330,158730,295060,2018,Michigan
8,172880,159782,341593,2018,Michigan
9,181734,112123,304563,2018,Michigan
10,106061,182808,303064,2018,Michigan
11,181912,158463,350901,2018,Michigan
12,200588,85115,294628,2018,Michigan
13,165355,0,196299,2018,Michigan
14,214334,45899,264994,2018,Michigan
1,2175003,1853459,291661,2018,Minnesota
2,2175003,1853459,337968,2018,Minnesota
3,2175003,1853459,363949,2018,Minnesota
4,2175003,1853459,328614,2018,Minnesota
5,2175003,1853459,343358,2018,Minnesota
6,2175003,1853459,315726,2018,Minnesota
7,2175003,1853459,281509,2018,Minnesota
8,2175003,1853459,314211,2018,Minnesota
1,76601,158245,236521,2018,Mississippi
2,158921,0,221379,2018,Mississippi
3,94461,160284,257271,2018,Mississippi
4,68787,152633,223732,2018,Mississippi
1,219781,45867,274375,2018,Missouri
2,177611,192477,376066,2018,Missouri
3,106589,211243,324608,2018,Missouri
4,95968,190138,293316,2018,Missouri
5,175019,101069,283785,2018,Missouri
6,97660,199796,305409,2018,Missouri
7,89190,196343,296455,2018,Missouri
8,66151,194042,264399,2018,Missouri
1,233284,256661,504421,2018,Montana
1,93069,141712,234781,2018,Nebraska
2,121770,126715,248485,2018,Nebraska
3,49654,163650,213304,2018,Nebraska
1,100707,46978,152201,2018,Nevada
2,120102,167435,287537,2018,Nevada
3,148501,122566,286168,2018,Nevada
4,121962,102748,234868,2018,Nevada
1,155884,130996,291039,2018,New Hampshire
2,155358,117990,279705,2018,New Hampshire
1,169628,87617,263418,2018,New Jersey
2,136685,116866,258363,2018,New Jersey
3,153473,149500,306875,2018,New Jersey
4,126766,163065,294348,2018,New Jersey
5,169546,128255,301823,2018,New Jersey
6,140752,80443,221195,2018,New Jersey
7,166985,150785,322742,2018,New Jersey
8,119881,28725,153455,2018,New Jersey
9,140832,57854,200416,2018,New Jersey
10,175253,20191,200159,2018,New Jersey
11,183684,136322,323574,2018,New Jersey
12,173334,79041,252375,2018,New Jersey
1,147336,90507,249162,2018,New Mexico
2,101489,97767,199256,2018,New Mexico
3,148501,76427,244893,2018,New Mexico
1,127991,139027,270006,2018,New York
2,113074,128078,241152,2018,New York
3,157456,109514,266970,2018,New York
4,159535,100571,260106,2018,New York
5,160500,0,160500,2018,New York
6,111646,0,122855,2018,New York
7,146687,0,157097,2018,New York
8,180376,0,263307,2018,New York
9,181455,20901,203135,2018,New York
10,173095,37619,210714,2018,New York
11,101823,89441,192038,2018,New York
12,217430,30446,251604,2018,New York
13,180035,10268,190303,2018,New York
14,110318,19202,141122,2018,New York
15,124469,5205,129674,2018,New York
16,182044,0,182044,2018,New York
17,170168,0,193318,2018,New York
18,139564,112035,251599,2018,New York
19,147873,132873,287894,2018,New York
20,176811,89058,265869,2018,New York
21,99791,131981,235209,2018,New York
22,127715,123242,250957,2018,New York
23,109932,130323,279327,2018,New York
24,123226,136920,260146,2018,New York
25,159244,110736,269980,2018,New York
26,169166,61488,230654,2018,New York
27,139059,140146,285178,2018,New York
1,190457,82218,272675,2018,North Carolina
2,151977,170072,331704,2018,North Carolina
3,0,187901,187901,2018,North Carolina
4,247067,82052,341403,2018,North Carolina
5,120468,159917,280385,2018,North Carolina
6,123651,160709,284360,2018,North Carolina
7,120838,156809,282312,2018,North Carolina
8,114119,141402,255521,2018,North Carolina
9,138341,139246,282717,2018,North Carolina
10,113259,164969,278228,2018,North Carolina
11,116508,178012,300666,2018,North Carolina
12,203974,75164,279138,2018,North Carolina
13,130402,147570,286316,2018,North Carolina
1,114377,193568,321532,2018,North Dakota
1,141118,154409,300871,2018,Ohio
2,119333,166714,289661,2018,Ohio
3,181575,65040,246677,2018,Ohio
4,89412,167993,257405,2018,Ohio
5,99655,176569,283617,2018,Ohio
6,76716,172774,249490,2018,Ohio
7,107536,153117,260653,2018,Ohio
8,87281,173852,261133,2018,Ohio
9,157219,74670,231937,2018,Ohio
10,118785,157554,281726,2018,Ohio
11,206138,44486,250660,2018,Ohio
12,161251,175677,341647,2018,Ohio
13,153323,98047,251370,2018,Ohio
14,137549,169809,307358,2018,Ohio
15,116112,170593,292443,2018,Ohio
16,129681,170029,299710,2018,Ohio
1,103042,150129,253171,2018,Oklahoma
2,65021,140451,216002,2018,Oklahoma
3,61152,172913,234065,2018,Oklahoma
4,78088,149227,236638,2018,Oklahoma
5,121149,117811,238960,2018,Oklahoma
1,231198,116446,363249,2018,Oregon
2,145298,207597,368709,2018,Oregon
3,279019,76187,384326,2018,Oregon
4,208710,152414,372893,2018,Oregon
5,197187,149887,358469,2018,Oregon
1,160745,169053,329798,2018,Pennsylvania
2,159600,42382,201982,2018,Pennsylvania
3,287610,20387,307997,2018,Pennsylvania
4,211524,121467,332991,2018,Pennsylvania
5,198639,106075,304714,2018,Pennsylvania
6,177704,124124,301828,2018,Pennsylvania
7,140813,114437,263261,2018,Pennsylvania
8,135603,112563,248166,2018,Pennsylvania
9,100204,148723,248927,2018,Pennsylvania
10,141668,149365,291033,2018,Pennsylvania
11,113876,163708,277584,2018,Pennsylvania
12,82825,161047,243872,2018,Pennsylvania
13,74733,178533,253266,2018,Pennsylvania
14,110051,151386,261437,2018,Pennsylvania
15,78327,165245,243572,2018,Pennsylvania
16,124109,135348,262396,2018,Pennsylvania
17,183162,142417,325579,2018,Pennsylvania
18,231472,0,240924,2018,Pennsylvania
1,116099,57567,174083,2018,Rhode Island
2,126476,72271,199197,2018,Rhode Island
1,145455,141473,287433,2018,South Carolina
2,109199,144642,257139,2018,South Carolina
3,70046,153338,226204,2018,South Carolina
4,89182,145321,243950,2018,South Carolina
5,103129,141757,248579,2018,South Carolina
6,144765,58282,206433,2018,South Carolina
7,96564,142681,239554,2018,South Carolina
1,120816,202446,335471,2018,South Dakota
1,47138,172835,224282,2018,Tennessee
2,86668,172856,262134,2018,Tennessee
3,84731,156512,245765,2018,Tennessee
4,78065,147323,232451,2018,Tennessee
5,177923,84317,262248,2018,Tennessee
6,70370,172810,248740,2018,Tennessee
7,81661,170071,254384,2018,Tennessee
8,74755,168030,248345,2018,Tennessee
9,145139,34901,181476,2018,Tennessee
1,61263,168165,232720,2018,Texas
2,119992,139188,263392,2018,Texas
3,138234,169520,312358,2018,Texas
4,57400,188667,249245,2018,Texas
5,78666,130617,209507,2018,Texas
6,116350,135961,256042,2018,Texas
7,127959,115642,243601,2018,Texas
8,67930,200619,273170,2018,Texas
9,136256,0,153001,2018,Texas
10,144034,157166,307827,2018,Texas
11,40631,176603,220377,2018,Texas
12,90994,172557,268491,2018,Texas
13,35083,169027,207285,2018,Texas
14,92212,138942,234528,2018,Texas
15,98333,63862,164802,2018,Texas
16,124437,49127,181754,2018,Texas
17,98070,134841,237351,2018,Texas
18,138704,38368,184332,2018,Texas
19,50039,151946,201985,2018,Texas
20,139038,0,171963,2018,Texas
21,168421,177654,353617,2018,Texas
22,138153,152750,297405,2018,Texas
23,102359,103285,210069,2018,Texas
24,125231,133317,263418,2018,Texas
25,136385,163023,304553,2018,Texas
26,121938,185551,312505,2018,Texas
27,75929,125118,207421,2018,Texas
28,117494,0,139226,2018,Texas
29,88188,28098,117494,2018,Texas
30,166784,0,183174,2018,Texas
31,136362,144680,286007,2018,Texas
32,144067,126101,275620,2018,Texas
33,90805,26120,119224,2018,Texas
34,85825,57243,143068,2018,Texas
35,138278,50553,194067,2018,Texas
36,60908,161048,221956,2018,Texas
1,63308,156692,254333,2018,Utah
2,105051,151489,270044,2018,Utah
3,70686,174856,258858,2018,Utah
4,134964,134270,269271,2018,Utah
1,188547,70705,272451,2018,Vermont
1,148464,183250,332101,2018,Virginia
2,139571,133458,273400,2018,Virginia
3,198615,0,217722,2018,Virginia
4,187642,107706,299854,2018,Virginia
5,145040,165339,310926,2018,Virginia
6,113133,167957,281377,2018,Virginia
7,176079,169295,349803,2018,Virginia
8,247137,76899,324748,2018,Virginia
9,85833,160933,246980,2018,Virginia
10,206356,160841,367795,2018,Virginia
11,219191,83023,308250,2018,Virginia
1,197209,135534,332743,2018,Washington
2,210187,0,294833,2018,Washington
3,145407,161819,307226,2018,Washington
4,83785,141551,225336,2018,Washington
5,144925,175422,320347,2018,Washington
6,206409,116677,323086,2018,Washington
7,329800,64881,394681,2018,Washington
8,164089,148968,313057,2018,Washington
9,240567,0,240567,2018,Washington
10,166215,103860,270075,2018,Washington
1,70217,127997,198214,2018,West Virginia
2,88011,110504,204792,2018,West Virginia
3,76340,98645,174985,2018,West Virginia
1,137508,177492,325317,2018,Wisconsin
2,309116,0,317295,2018,Wisconsin
3,187888,126980,314989,2018,Wisconsin
4,206487,59091,273087,2018,Wisconsin
5,138385,225619,364288,2018,Wisconsin
6,144536,180311,325065,2018,Wisconsin
7,124307,194061,322840,2018,Wisconsin
8,119265,209410,328774,2018,Wisconsin
1,59903,127963,201245,2018,Wyoming
1,116949,211825,329075,2020,Alabama
2,105286,197996,303569,2020,Alabama
3,104595,217384,322234,2020,Alabama
4,56237,261553,318029,2020,Alabama
5,0,253094,264160,2020,Alabama
6,0,274160,282261,2020,Alabama
7,225742,0,232331,2020,Alabama
1,0,192126,353165,2020,Alaska
1,188469,176709,365178,2020,Arizona
2,209945,170975,381054,2020,Arizona
3,174243,95594,269837,2020,Arizona
4,120484,278002,398623,2020,Arizona
5,183171,262414,445657,2020,Arizona
6,199644,217783,417427,2020,Arizona
7,165452,50226,215732,2020,Arizona
8,170816,251633,422467,2020,Arizona
9,217094,135180,352274,2020,Arizona
1,0,237596,237596,2020,Arkansas
2,148410,184093,332503,2020,Arkansas
3,106325,214960,334262,2020,Arkansas
4,75750,191617,275035,2020,Arkansas
1,154073,204190,358263,2020,California
2,294435,94320,388755,2020,California
3,176036,145941,321977,2020,California
4,194731,247291,442022,2020,California
5,271233,85227,356460,2020,California
6,229648,83466,313114,2020,California
7,217416,166549,383965,2020,California
8,124400,158711,283111,2020,California
9,174252,128358,302610,2020,California
10,166865,135629,302494,2020,California
11,271063,100293,371356,2020,California
12,362950,0,362950,2020,California
13,327863,34955,362818,2020,California
14,278227,72684,350911,2020,California
15,242991,99710,342701,2020,California
16,128690,88039,216729,2020,California
17,212137,85199,297336,2020,California
18,344127,0,344127,2020,California
19,224385,88642,313027,2020,California
20,236896,71658,308554,2020,California
21,84406,85928,170334,2020,California
22,144251,170888,315139,2020,California
23,115896,190222,306118,2020,California
24,212564,149781,362345,2020,California
25,169305,169638,338943,2020,California
26,208856,135877,344733,2020,California
27,221411,95907,317318,2020,California
28,244471,91928,336399,2020,California
29,210944,0,210944,2020,California
30,240038,105426,345464,2020,California
31,175315,110735,286050,2020,California
32,172942,86818,259760,2020,California
33,257094,123334,380428,2020,California
34,205346,0,205346,2020,California
35,169405,74941,244346,2020,California
36,185051,121640,306691,2020,California
37,254916,41705,296621,2020,California
38,256206,0,256206,2020,California
39,169837,173946,343783,2020,California
40,135572,50809,186381,2020,California
41,167938,94289,262227,2020,California
42,157773,210274,368047,2020,California
43,199210,78688,277898,2020,California
44,206036,0,0,2020,California
45,221843,193096,414939,2020,California
46,157803,71716,229519,2020,California
47,197028,114371,311399,2020,California
48,193362,201738,395100,2020,California
49,205349,181157,386506,2020,California
50,166859,195510,362369,2020,California
51,165596,76841,242437,2020,California
52,244145,152350,396495,2020,California
53,199244,0,199244,2020,California
1,331621,105955,450290,2020,Colorado
2,316925,182547,515663,2020,Colorado
3,194122,220634,429319,2020,Colorado
4,173945,285606,475107,2020,Colorado
5,161600,249013,432407,2020,Colorado
6,250314,175192,438473,2020,Colorado
7,250525,159301,423691,2020,Colorado
1,222668,122111,349237,2020,Connecticut
2,217982,140340,367181,2020,Connecticut
3,203265,137596,346101,2020,Connecticut
4,223832,130627,360125,2020,Connecticut
5,192484,151988,349524,2020,Connecticut
1,281382,196392,488270,2020,Delaware
1,149172,283352,438532,2020,Florida
2,0,305337,311999,2020,Florida
3,167326,223075,390401,2020,Florida
4,196423,308497,504940,2020,Florida
5,219463,117510,336973,2020,Florida
6,172351,265393,437856,2020,Florida
7,224946,175750,406449,2020,Florida
8,177695,282093,459788,2020,Florida
9,240724,188889,429638,2020,Florida
10,239434,136889,376397,2020,Florida
11,158094,316979,475073,2020,Florida
12,168194,284941,453135,2020,Florida
13,215405,190720,406125,2020,Florida
14,224240,147896,372136,2020,Florida
15,174297,216374,390671,2020,Florida
16,215683,269001,484684,2020,Florida
17,140487,266514,412397,2020,Florida
18,186674,253286,449720,2020,Florida
19,172146,272440,444589,2020,Florida
20,253661,68748,322409,2020,Florida
21,237925,157616,403093,2020,Florida
22,235764,166553,402317,2020,Florida
23,221239,158957,381196,2020,Florida
24,218825,59101,289638,2020,Florida
25,0,0,289638,2020,Florida
26,165407,177223,342630,2020,Florida
27,166758,176217,342975,2020,Florida
1,135238,189457,324695,2020,Georgia
2,161397,111620,273017,2020,Georgia
3,129792,241526,371318,2020,Georgia
4,278906,69393,348299,2020,Georgia
5,301857,52646,354503,2020,Georgia
6,216775,180329,397104,2020,Georgia
7,190900,180564,371464,2020,Georgia
8,109264,198701,307965,2020,Georgia
9,79797,292750,372547,2020,Georgia
10,142636,235810,378446,2020,Georgia
11,160623,245259,405882,2020,Georgia
12,129061,181038,309544,2020,Georgia
13,279045,81476,360521,2020,Georgia
14,77798,229827,307625,2020,Georgia
1,183245,71188,254433,2020,Hawaii
2,171517,84027,272102,2020,Hawaii
1,131380,310736,458569,2020,Idaho
2,124151,250669,391333,2020,Idaho
1,239943,85027,325123,2020,Illinois
2,234896,63142,298038,2020,Illinois
3,172997,133851,306848,2020,Illinois
4,187219,35518,222737,2020,Illinois
5,255661,96200,361271,2020,Illinois
6,213777,183891,404747,2020,Illinois
7,249383,41390,310128,2020,Illinois
8,186251,0,254578,2020,Illinois
9,262045,107125,369170,2020,Illinois
10,202402,114442,316874,2020,Illinois
11,194557,112807,307377,2020,Illinois
12,127577,194839,322416,2020,Illinois
13,151648,181373,333021,2020,Illinois
14,203209,197835,401052,2020,Illinois
15,88559,244947,333506,2020,Illinois
16,119313,218839,338159,2020,Illinois
17,156011,143863,299895,2020,Illinois
18,110039,261840,371879,2020,Illinois
1,185180,132247,326948,2020,Indiana
2,114967,183601,298568,2020,Indiana
3,104762,220989,325751,2020,Indiana
4,112984,225531,338515,2020,Indiana
5,191226,208212,416226,2020,Indiana
6,91103,225318,328212,2020,Indiana
7,176422,106146,282568,2020,Indiana
8,95691,214643,320617,2020,Indiana
9,122566,222057,359038,2020,Indiana
1,201347,212088,413869,2020,Iowa
2,196958,196964,394625,2020,Iowa
3,219205,212997,447947,2020,Iowa
4,144761,237369,383022,2020,Iowa
1,84393,208229,292622,2020,Kansas
2,136650,185464,336315,2020,Kansas
3,220049,178773,410418,2020,Kansas
4,116166,203432,319598,2020,Kansas
1,82141,246329,328470,2020,Kentucky
2,94643,255735,360399,2020,Kentucky
3,230672,136425,367097,2020,Kentucky
4,125896,256613,382509,2020,Kentucky
5,47056,250914,297970,2020,Kentucky
6,155011,216948,378450,2020,Kentucky
1,94730,270330,374369,2020,Louisiana
2,235320,63140,316982,2020,Louisiana
3,100275,230480,340120,2020,Louisiana
4,101970,204608,306578,2020,Louisiana
5,99566,209990,309556,2020,Louisiana
6,95541,265706,373996,2020,Louisiana
1,271004,165008,436027,2020,Maine
2,197974,175228,373235,2020,Maine
1,143877,250901,395524,2020,Maryland
2,224836,106355,332026,2020,Maryland
3,260358,112117,373206,2020,Maryland
4,282119,71671,354529,2020,Maryland
5,274210,123525,398839,2020,Maryland
6,215540,143599,366434,2020,Maryland
7,237084,92825,330998,2020,Maryland
8,274716,127157,402614,2020,Maryland
1,275376,0,285332,2020,Massachusetts
2,249854,132220,382452,2020,Massachusetts
3,286896,0,293539,2020,Massachusetts
4,251102,160474,412823,2020,Massachusetts
5,294427,101351,396183,2020,Massachusetts
6,286377,150695,437677,2020,Massachusetts
7,267362,0,308650,2020,Massachusetts
8,310940,0,385401,2020,Massachusetts
9,260262,154261,424601,2020,Massachusetts
1,153328,256581,416219,2020,Michigan
2,154122,238711,402247,2020,Michigan
3,189769,213649,403419,2020,Michigan
4,120802,242621,373245,2020,Michigan
5,196599,150772,361032,2020,Michigan
6,152085,211496,378980,2020,Michigan
7,159743,227524,387267,2020,Michigan
8,217922,202525,428344,2020,Michigan
9,230318,153296,399117,2020,Michigan
10,138179,271607,409786,2020,Michigan
11,226128,215405,450473,2020,Michigan
12,254957,117719,383823,2020,Michigan
13,223205,53311,285885,2020,Michigan
14,271360,62664,342303,2020,Michigan
1,2688527,2617881,368856,2020,Minnesota
2,2688527,2617881,424512,2020,Minnesota
3,2688527,2617881,443603,2020,Minnesota
4,2688527,2617881,389114,2020,Minnesota
5,2688527,2617881,398229,2020,Minnesota
6,2688527,2617881,412307,2020,Minnesota
7,2688527,2617881,363477,2020,Minnesota
8,2688527,2617881,393711,2020,Minnesota
1,104008,228787,332795,2020,Mississippi
2,196224,101010,297234,2020,Mississippi
3,120782,221064,341846,2020,Mississippi
4,0,255971,255971,2020,Mississippi
1,249087,59940,316171,2020,Missouri
2,204540,233157,449348,2020,Missouri
3,116095,282866,407348,2020,Missouri
4,107635,245247,362836,2020,Missouri
5,207180,135934,352430,2020,Missouri
6,118926,258709,385779,2020,Missouri
7,98111,254318,369283,2020,Missouri
8,70561,253811,330226,2020,Missouri
1,262340,339169,601509,2020,Montana
1,119622,189006,317566,2020,Nebraska
2,155706,171071,336962,2020,Nebraska
3,50690,225157,286770,2020,Nebraska
1,137868,74490,223213,2020,Nevada
2,155780,216078,382673,2020,Nevada
3,203421,190975,417252,2020,Nevada
4,168457,152284,332469,2020,Nevada
1,205606,185159,400661,2020,New Hampshire
2,208289,168886,386441,2020,New Hampshire
1,240567,144463,385030,2020,New Jersey
2,173849,195526,376547,2020,New Jersey
3,229840,196327,431762,2020,New Jersey
4,162420,254103,424368,2020,New Jersey
5,225175,193333,423636,2020,New Jersey
6,199648,126760,326408,2020,New Jersey
7,219688,214359,434047,2020,New Jersey
8,176758,58686,238773,2020,New Jersey
9,203674,98629,309542,2020,New Jersey
10,241522,40298,290009,2020,New Jersey
11,235163,206013,441176,2020,New Jersey
12,230883,114591,351725,2020,New Jersey
1,186953,134337,321290,2020,New Mexico
2,122546,142283,264946,2020,New Mexico
3,186282,131166,317448,2020,New Mexico
1,169294,205715,375009,2020,New York
2,154246,177379,335073,2020,New York
3,208555,161931,372642,2020,New York
4,199762,153007,355793,2020,New York
5,229125,0,229125,2020,New York
6,158862,74829,233691,2020,New York
7,191073,32520,225115,2020,New York
8,234933,42007,276940,2020,New York
9,230221,43950,276867,2020,New York
10,206310,66889,276569,2020,New York
11,137198,155608,292806,2020,New York
12,265172,53061,322248,2020,New York
13,231841,19829,254965,2020,New York
14,152661,58440,213101,2020,New York
15,169533,21221,190754,2020,New York
16,218514,0,259608,2020,New York
17,197354,117309,332658,2020,New York
18,187444,145145,335753,2020,New York
19,192100,151475,350598,2020,New York
20,219705,139446,359151,2020,New York
21,131995,188655,320650,2020,New York
22,155989,156098,326566,2020,New York
23,128976,181021,313724,2020,New York
24,147877,182809,343950,2020,New York
25,206396,136198,347919,2020,New York
26,223366,91706,319703,2020,New York
27,149449,228885,383211,2020,New York
1,188870,159748,348618,2020,North Carolina
2,311887,172544,495345,2020,North Carolina
3,132752,229800,362552,2020,North Carolina
4,332421,161298,493719,2020,North Carolina
5,119846,257843,385244,2020,North Carolina
6,253531,153598,407129,2020,North Carolina
7,179045,272443,452208,2020,North Carolina
8,177781,202774,380555,2020,North Carolina
9,179463,224661,404124,2020,North Carolina
10,128189,284095,412284,2020,North Carolina
11,190609,245351,450145,2020,North Carolina
12,341457,0,341457,2020,North Carolina
13,124684,267181,391865,2020,North Carolina
1,97970,245229,355598,2020,North Dakota
1,172022,199560,385285,2020,Ohio
2,146781,230430,377248,2020,Ohio
3,227420,93569,321092,2020,Ohio
4,101897,235875,347356,2020,Ohio
5,120962,257019,377981,2020,Ohio
6,85661,249130,334791,2020,Ohio
7,102271,236607,350549,2020,Ohio
8,110766,246277,357157,2020,Ohio
9,190328,111385,301752,2020,Ohio
10,151976,212972,364948,2020,Ohio
11,242098,60323,302421,2020,Ohio
12,182847,241790,437672,2020,Ohio
13,173631,148648,330801,2020,Ohio
14,158586,238864,397450,2020,Ohio
15,140183,243103,383361,2020,Ohio
16,144071,247335,391406,2020,Ohio
1,109641,213700,335471,2020,Oklahoma
2,63472,216511,288527,2020,Oklahoma
3,66501,242677,309178,2020,Oklahoma
4,90459,213096,314358,2020,Oklahoma
5,145658,158191,303849,2020,Oklahoma
1,297071,161928,459899,2020,Oregon
2,168881,273835,457433,2020,Oregon
3,343574,110570,470506,2020,Oregon
4,240950,216081,467705,2020,Oregon
5,234863,204372,452646,2020,Oregon
1,191875,249804,441679,2020,Pennsylvania
2,198140,75022,273162,2020,Pennsylvania
3,341708,33671,375379,2020,Pennsylvania
4,264637,179926,444563,2020,Pennsylvania
5,255743,139552,395295,2020,Pennsylvania
6,226440,177526,403966,2020,Pennsylvania
7,195475,181407,376882,2020,Pennsylvania
8,178004,165783,343787,2020,Pennsylvania
9,118266,232988,351254,2020,Pennsylvania
10,182938,208896,391834,2020,Pennsylvania
11,141325,241915,383240,2020,Pennsylvania
12,99199,241035,340234,2020,Pennsylvania
13,96612,267789,364401,2020,Pennsylvania
14,131895,241688,373583,2020,Pennsylvania
15,92156,255058,347214,2020,Pennsylvania
16,143962,210088,354050,2020,Pennsylvania
17,222253,212284,434537,2020,Pennsylvania
18,266084,118163,384247,2020,Pennsylvania
1,158550,0,223860,2020,Rhode Island
2,154086,109894,264557,2020,Rhode Island
1,210627,216042,427111,2020,South Carolina
2,155118,202715,364215,2020,South Carolina
3,95712,237544,333564,2020,South Carolina
4,133023,222126,360550,2020,South Carolina
5,145979,220006,366258,2020,South Carolina
6,197477,89258,289653,2020,South Carolina
7,138863,224993,364091,2020,South Carolina
1,0,321984,397732,2020,South Dakota
1,68617,228181,305423,2020,Tennessee
2,109684,238907,353197,2020,Tennessee
3,97687,215571,320299,2020,Tennessee
4,111908,223802,335710,2020,Tennessee
5,252155,0,252169,2020,Tennessee
6,83852,257572,349578,2020,Tennessee
7,95839,245188,350635,2020,Tennessee
8,97890,227216,331853,2020,Tennessee
9,187905,48818,242880,2020,Tennessee
1,83016,219726,302742,2020,Texas
2,148374,192828,346726,2020,Texas
3,179458,230512,418591,2020,Texas
4,76236,253837,337803,2020,Texas
5,100743,173836,280413,2020,Texas
6,149530,179507,339992,2020,Texas
7,159529,149054,314125,2020,Texas
8,97409,277327,382471,2020,Texas
9,172938,49575,229107,2020,Texas
10,187686,217216,413894,2020,Texas
11,53394,232568,291773,2020,Texas
12,121250,233853,367021,2020,Texas
13,50477,217124,273508,2020,Texas
14,118574,190541,309115,2020,Texas
15,115605,109017,228917,2020,Texas
16,154108,84006,238114,2020,Texas
17,125565,171390,306873,2020,Texas
18,180952,58033,246895,2020,Texas
19,60583,198198,265052,2020,Texas
20,175078,89628,270723,2020,Texas
21,205780,235740,453750,2020,Texas
22,181998,210259,408048,2020,Texas
23,137693,149395,295457,2020,Texas
24,163326,167910,344021,2020,Texas
25,165697,220088,393523,2020,Texas
26,161009,261963,432215,2020,Texas
27,95446,172305,273253,2020,Texas
28,137494,91925,235844,2020,Texas
29,111305,42840,156473,2020,Texas
30,204928,48685,264464,2020,Texas
31,176293,212695,398057,2020,Texas
32,178542,157867,343687,2020,Texas
33,105317,39638,157606,2020,Texas
34,111439,84119,201027,2020,Texas
35,176373,80795,269797,2020,Texas
36,73148,222712,302549,2020,Texas
1,104194,237988,342351,2020,Utah
2,129762,208997,354224,2020,Utah
3,96067,246674,358927,2020,Utah
4,175923,179688,376730,2020,Utah
1,238827,95830,354837,2020,Vermont
1,186923,260614,448178,2020,Virginia
2,185733,165031,360277,2020,Virginia
3,233326,107299,341361,2020,Virginia
4,241142,149625,391345,2020,Virginia
5,190315,210988,402317,2020,Virginia
6,134729,246606,381813,2020,Virginia
7,230893,222623,454339,2020,Virginia
8,301454,95365,397745,2020,Virginia
9,0,271851,289274,2020,Virginia
10,268734,206253,475546,2020,Virginia
11,280725,111380,393241,2020,Virginia
1,249944,176407,426862,2020,Washington
2,255252,148384,404598,2020,Washington
3,181347,235579,417903,2020,Washington
4,102667,202108,305263,2020,Washington
5,155737,247815,404360,2020,Washington
6,247429,168783,417216,2020,Washington
7,387109,78240,466462,2020,Washington
8,213123,198423,412112,2020,Washington
9,258771,89697,349050,2020,Washington
10,288977,0,340407,2020,Washington
1,81177,180488,261665,2020,West Virginia
2,100799,172195,272994,2020,West Virginia
3,64927,161585,226512,2020,West Virginia
1,163170,238271,401754,2020,Wisconsin
2,318523,138306,457205,2020,Wisconsin
3,199870,189524,389618,2020,Wisconsin
4,232668,70769,311697,2020,Wisconsin
5,175902,265434,441599,2020,Wisconsin
6,164239,238874,403333,2020,Wisconsin
7,162741,252048,415007,2020,Wisconsin
8,149558,268173,417838,2020,Wisconsin
1,66576,185732,270892,2020,Wyoming
